<?xml version="1.0"?>

<portlet-app xmlns="http://java.sun.com/xml/ns/portlet/portlet-app_2_0.xsd" xmlns:xsi="http://www.w3.org/2001/XMLSchema-instance" xsi:schemaLocation="http://java.sun.com/xml/ns/portlet/portlet-app_2_0.xsd http://java.sun.com/xml/ns/portlet/portlet-app_2_0.xsd" version="2.0">
	<portlet>
		<portlet-name>EUC</portlet-name>
		<display-name>EUC</display-name>
		<portlet-class>com.liferay.util.bridges.mvc.MVCPortlet</portlet-class>
		<init-param>
			<name>view-template</name>
			<value>/view.jsp</value>
		</init-param>
		<expiration-cache>0</expiration-cache>
		<supports>
			<mime-type>text/html</mime-type>
		</supports>
		<portlet-info>
			<title>EUC</title>
			<short-title>EUC</short-title>
			<keywords>EUC</keywords>
		</portlet-info>
		<security-role-ref>
			<role-name>administrator</role-name>
		</security-role-ref>
		<security-role-ref>
			<role-name>guest</role-name>
		</security-role-ref>
		<security-role-ref>
			<role-name>power-user</role-name>
		</security-role-ref>
		<security-role-ref>
			<role-name>user</role-name>
		</security-role-ref>
	</portlet>
	<portlet>
		<portlet-name>applicant portlet</portlet-name>
		<display-name>Applicant Portlet</display-name>
		<portlet-class>
			com.ecims.portlet.applicant.ApplicantPortlet
		</portlet-class>
		<init-param>
			<name>view-template</name>
			<value>/html/applicantportlet/view.jsp</value>
		</init-param>
		<expiration-cache>0</expiration-cache>
		<supports>
			<mime-type>text/html</mime-type>
			<portlet-mode>view</portlet-mode>
		</supports>
		<portlet-info>
			<title>Applicant Portlet</title>
			<short-title>ApplicantPortlet</short-title>
			<keywords></keywords>
		</portlet-info>
		<security-role-ref>
			<role-name>administrator</role-name>
		</security-role-ref>
		<security-role-ref>
			<role-name>guest</role-name>
		</security-role-ref>
		<security-role-ref>
			<role-name>power-user</role-name>
		</security-role-ref>
		<security-role-ref>
			<role-name>user</role-name>
		</security-role-ref>
	</portlet>
	<portlet>
		<portlet-name>usermanagement portlet</portlet-name>
		<display-name>UserManagement Portlet</display-name>
		<portlet-class>
			com.ecims.portlet.usermanagement.UserManagementPortlet
		</portlet-class>
		<init-param>
			<name>view-template</name>
			<value>/html/usermanagementportlet/view.jsp</value>
		</init-param>
		<expiration-cache>0</expiration-cache>
		<supports>
			<mime-type>text/html</mime-type>
			<portlet-mode>view</portlet-mode>
		</supports>
		<portlet-info>
			<title>UserManagement Portlet</title>
			<short-title>UserManagementPortlet</short-title>
			<keywords></keywords>
		</portlet-info>
		<security-role-ref>
			<role-name>administrator</role-name>
		</security-role-ref>
		<security-role-ref>
			<role-name>guest</role-name>
		</security-role-ref>
		<security-role-ref>
			<role-name>power-user</role-name>
		</security-role-ref>
		<security-role-ref>
			<role-name>user</role-name>
		</security-role-ref>
	</portlet>
	<portlet>
		<portlet-name>guestportlet</portlet-name>
		<display-name>Guest Portlet</display-name>
		<portlet-class>
			com.ecims.portlet.guest.GuestPortlet
		</portlet-class>
		<init-param>
			<name>view-template</name>
			<value>/html/guestportlet/view.jsp</value>
		</init-param>
		<expiration-cache>0</expiration-cache>
		<supports>
			<mime-type>text/html</mime-type>
			<portlet-mode>view</portlet-mode>
		</supports>
		<portlet-info>
			<title>Guest Portlet</title>
			<short-title>GuestPortlet</short-title>
			<keywords></keywords>
		</portlet-info>
		<security-role-ref>
			<role-name>administrator</role-name>
		</security-role-ref>
		<security-role-ref>
			<role-name>guest</role-name>
		</security-role-ref>
		<security-role-ref>
			<role-name>power-user</role-name>
		</security-role-ref>
		<security-role-ref>
			<role-name>user</role-name>
		</security-role-ref>
	</portlet>
	<portlet>
		<portlet-name>application management portlet</portlet-name>
		<display-name>Application Management Portlet</display-name>
		<portlet-class>
			com.ecims.portlet.applicationmanagement.ApplicationManagementPortlet
		</portlet-class>
		<init-param>
			<name>view-template</name>
			<value>/html/applicationmanagementportlet/view.jsp</value>
		</init-param>
		<expiration-cache>0</expiration-cache>
		<supports>
			<mime-type>text/html</mime-type>
			<portlet-mode>view</portlet-mode>
		</supports>
		<portlet-info>
			<title>Application Management Portlet</title>
			<short-title>ApplicationManagementPortlet</short-title>
			<keywords></keywords>
		</portlet-info>
		<security-role-ref>
			<role-name>administrator</role-name>
		</security-role-ref>
		<security-role-ref>
			<role-name>guest</role-name>
		</security-role-ref>
		<security-role-ref>
			<role-name>power-user</role-name>
		</security-role-ref>
		<security-role-ref>
			<role-name>user</role-name>
		</security-role-ref>
	</portlet>
	<portlet>
		<portlet-name>certificate management portlet</portlet-name>
		<display-name>Certificate Management Portlet</display-name>
		<portlet-class>
			com.ecims.portlet.certificatemanagement.CertificatePortlet
		</portlet-class>
		<init-param>
			<name>view-template</name>
			<value>/html/certificateportlet/view.jsp</value>
		</init-param>
		<expiration-cache>0</expiration-cache>
		<supports>
			<mime-type>text/html</mime-type>
			<portlet-mode>view</portlet-mode>
		</supports>
		<portlet-info>
			<title>Certificate Management Portlet</title>
			<short-title>CertificatePortlet</short-title>
			<keywords></keywords>
		</portlet-info>
		<security-role-ref>
			<role-name>administrator</role-name>
		</security-role-ref>
		<security-role-ref>
			<role-name>guest</role-name>
		</security-role-ref>
		<security-role-ref>
			<role-name>power-user</role-name>
		</security-role-ref>
		<security-role-ref>
			<role-name>user</role-name>
		</security-role-ref>
	</portlet>
	<portlet>
		<portlet-name>dashboardportlet</portlet-name>
		<display-name>DashboardPortlet</display-name>
		<portlet-class>
			com.ecims.portlet.dashboard.DashboardPortlet
		</portlet-class>
		<init-param>
			<name>view-template</name>
			<value>/html/dashboardportlet/view.jsp</value>
		</init-param>
		<expiration-cache>0</expiration-cache>
		<supports>
			<mime-type>text/html</mime-type>
			<portlet-mode>view</portlet-mode>
		</supports>
		<portlet-info>
			<title>DashboardPortlet</title>
			<short-title>DashboardPortlet</short-title>
			<keywords></keywords>
		</portlet-info>
		<security-role-ref>
			<role-name>administrator</role-name>
		</security-role-ref>
		<security-role-ref>
			<role-name>guest</role-name>
		</security-role-ref>
		<security-role-ref>
			<role-name>power-user</role-name>
		</security-role-ref>
		<security-role-ref>
			<role-name>user</role-name>
		</security-role-ref>
	</portlet>
	<portlet>
		<portlet-name>currencymanagementportlet</portlet-name>
		<display-name>CurrencyManagementPortlet</display-name>
		<portlet-class>
			com.ecims.portlet.currencymanagement.CurrencyManagementPortlet
		</portlet-class>
		<init-param>
			<name>view-template</name>
			<value>/html/currencymanagementportlet/view.jsp</value>
		</init-param>
		<expiration-cache>0</expiration-cache>
		<supports>
			<mime-type>text/html</mime-type>
			<portlet-mode>view</portlet-mode>
		</supports>
		<portlet-info>
			<title>CurrencyManagementPortlet</title>
			<short-title>CurrencyManagementPortlet</short-title>
			<keywords></keywords>
		</portlet-info>
		<security-role-ref>
			<role-name>administrator</role-name>
		</security-role-ref>
		<security-role-ref>
			<role-name>guest</role-name>
		</security-role-ref>
		<security-role-ref>
			<role-name>power-user</role-name>
		</security-role-ref>
		<security-role-ref>
			<role-name>user</role-name>
		</security-role-ref>
	</portlet>
	<portlet>
		<portlet-name>agency management portlet</portlet-name>
		<display-name>Agency Management Portlet</display-name>
		<portlet-class>
			com.ecims.portlet.admin.agencymanagement.AgencyManagementPortlet
		</portlet-class>
		<init-param>
			<name>view-template</name>
			<value>/html/agencymanagementportlet/view.jsp</value>
		</init-param>
		<expiration-cache>0</expiration-cache>
		<supports>
			<mime-type>text/html</mime-type>
			<portlet-mode>view</portlet-mode>
		</supports>
		<portlet-info>
			<title>Agency Management Portlet</title>
			<short-title>AgencyManagementPortlet</short-title>
			<keywords></keywords>
		</portlet-info>
		<security-role-ref>
			<role-name>administrator</role-name>
		</security-role-ref>
		<security-role-ref>
			<role-name>guest</role-name>
		</security-role-ref>
		<security-role-ref>
			<role-name>power-user</role-name>
		</security-role-ref>
		<security-role-ref>
			<role-name>user</role-name>
		</security-role-ref>
	</portlet>
	<portlet>
		<portlet-name>audittrailportlet</portlet-name>
		<display-name>Audit Trail Portlet</display-name>
		<portlet-class>
			com.ecims.portlet.audittrail.AuditTrailPortlet
		</portlet-class>
		<init-param>
			<name>view-template</name>
			<value>/html/audittrailportlet/view.jsp</value>
		</init-param>
		<expiration-cache>0</expiration-cache>
		<supports>
			<mime-type>text/html</mime-type>
			<portlet-mode>view</portlet-mode>
		</supports>
		<portlet-info>
			<title>Audit Trail Portlet</title>
			<short-title>AuditTrailPortlet</short-title>
			<keywords></keywords>
		</portlet-info>
		<security-role-ref>
			<role-name>administrator</role-name>
		</security-role-ref>
		<security-role-ref>
			<role-name>guest</role-name>
		</security-role-ref>
		<security-role-ref>
			<role-name>power-user</role-name>
		</security-role-ref>
		<security-role-ref>
			<role-name>user</role-name>
		</security-role-ref>
	</portlet>
	<portlet>
		<portlet-name>track application portlet</portlet-name>
		<display-name>Track Application Portlet</display-name>
		<portlet-class>
			com.ecims.portlet.trackapplication.TrackApplicationPortlet
		</portlet-class>
		<init-param>
			<name>view-template</name>
			<value>/html/trackapplicationportlet/view.jsp</value>
		</init-param>
		<expiration-cache>0</expiration-cache>
		<supports>
			<mime-type>text/html</mime-type>
			<portlet-mode>view</portlet-mode>
		</supports>
		<portlet-info>
			<title>Track Application Portlet</title>
			<short-title>TrackApplicationPortlet</short-title>
			<keywords></keywords>
		</portlet-info>
		<security-role-ref>
			<role-name>administrator</role-name>
		</security-role-ref>
		<security-role-ref>
			<role-name>guest</role-name>
		</security-role-ref>
		<security-role-ref>
			<role-name>power-user</role-name>
		</security-role-ref>
		<security-role-ref>
			<role-name>user</role-name>
		</security-role-ref>
	</portlet>
	<portlet>
		<portlet-name>application attachment management</portlet-name>
		<display-name>Application Attachment Management</display-name>
		<portlet-class>
			com.ecims.portlet.admin.applicationattachment.ApplicationAttachmentPortlet
		</portlet-class>
		<init-param>
			<name>view-template</name>
			<value>/html/applicationattachmentportlet/view.jsp</value>
		</init-param>
		<expiration-cache>0</expiration-cache>
		<supports>
			<mime-type>text/html</mime-type>
			<portlet-mode>view</portlet-mode>
		</supports>
		<portlet-info>
			<title>Application Attachment Management</title>
			<short-title>ApplicationAttachmentPortlet</short-title>
			<keywords></keywords>
		</portlet-info>
		<security-role-ref>
			<role-name>administrator</role-name>
		</security-role-ref>
		<security-role-ref>
			<role-name>guest</role-name>
		</security-role-ref>
		<security-role-ref>
			<role-name>power-user</role-name>
		</security-role-ref>
		<security-role-ref>
			<role-name>user</role-name>
		</security-role-ref>
	</portlet>
	<portlet>
		<portlet-name>item category portlet</portlet-name>
		<display-name>Item Category Management</display-name>
		<portlet-class>
			com.ecims.portlet.admin.itemcategoryportlet.ItemCategoryPortlet
		</portlet-class>
		<init-param>
			<name>view-template</name>
			<value>/html/itemcategoryportlet/view.jsp</value>
		</init-param>
		<expiration-cache>0</expiration-cache>
		<supports>
			<mime-type>text/html</mime-type>
			<portlet-mode>view</portlet-mode>
		</supports>
		<portlet-info>
			<title>Item Category Management</title>
			<short-title>ItemCategoryPortlet</short-title>
			<keywords></keywords>
		</portlet-info>
		<security-role-ref>
			<role-name>administrator</role-name>
		</security-role-ref>
		<security-role-ref>
			<role-name>guest</role-name>
		</security-role-ref>
		<security-role-ref>
			<role-name>power-user</role-name>
		</security-role-ref>
		<security-role-ref>
			<role-name>user</role-name>
		</security-role-ref>
	</portlet>
	<portlet>
		<portlet-name>applicationautoprocessportlet</portlet-name>
		<display-name>ApplicationAutoProcessPortlet</display-name>
		<portlet-class>
			com.ecims.portlet.admin.applicationautoprocesss.ApplicationAutoProcessPortlet
		</portlet-class>
		<init-param>
			<name>view-template</name>
			<value>/html/applicationautoprocessportlet/view.jsp</value>
		</init-param>
		<expiration-cache>0</expiration-cache>
		<supports>
			<mime-type>text/html</mime-type>
			<portlet-mode>view</portlet-mode>
		</supports>
		<portlet-info>
			<title>ApplicationAutoProcessPortlet</title>
			<short-title>ApplicationAutoProcessPortlet</short-title>
			<keywords></keywords>
		</portlet-info>
		<security-role-ref>
			<role-name>administrator</role-name>
		</security-role-ref>
		<security-role-ref>
			<role-name>guest</role-name>
		</security-role-ref>
		<security-role-ref>
			<role-name>power-user</role-name>
		</security-role-ref>
		<security-role-ref>
			<role-name>user</role-name>
		</security-role-ref>
	</portlet>
	<portlet>
		<portlet-name>country state portlet</portlet-name>
		<display-name>Country State Portlet</display-name>
		<portlet-class>
			com.ecims.portlet.admin.countrystate.CountryStatePortlet
		</portlet-class>
		<init-param>
			<name>view-template</name>
			<value>/html/countrystateportlet/view.jsp</value>
		</init-param>
		<expiration-cache>0</expiration-cache>
		<supports>
			<mime-type>text/html</mime-type>
			<portlet-mode>view</portlet-mode>
		</supports>
		<portlet-info>
			<title>Country State Portlet</title>
			<short-title>CountryStatePortlet</short-title>
			<keywords></keywords>
		</portlet-info>
		<security-role-ref>
			<role-name>administrator</role-name>
		</security-role-ref>
		<security-role-ref>
			<role-name>guest</role-name>
		</security-role-ref>
		<security-role-ref>
			<role-name>power-user</role-name>
		</security-role-ref>
		<security-role-ref>
			<role-name>user</role-name>
		</security-role-ref>
	</portlet>
	<portlet>
		<portlet-name>recoverpasswordportlet</portlet-name>
		<display-name>Recover Password Portlet</display-name>
		<portlet-class>
			com.ecims.portlet.recoverpassword.RecoverPasswordPortlet
		</portlet-class>
		<init-param>
			<name>view-template</name>
			<value>/html/recoverpasswordportlet/view.jsp</value>
		</init-param>
		<expiration-cache>0</expiration-cache>
		<supports>
			<mime-type>text/html</mime-type>
			<portlet-mode>view</portlet-mode>
		</supports>
		<portlet-info>
			<title>Recover Password Portlet</title>
			<short-title>RecoverPasswordPortlet</short-title>
			<keywords></keywords>
		</portlet-info>
		<security-role-ref>
			<role-name>administrator</role-name>
		</security-role-ref>
		<security-role-ref>
			<role-name>guest</role-name>
		</security-role-ref>
		<security-role-ref>
			<role-name>power-user</role-name>
		</security-role-ref>
		<security-role-ref>
			<role-name>user</role-name>
		</security-role-ref>
	</portlet>
	<portlet>
		<portlet-name>moneymgmtportlet</portlet-name>
		<display-name>Money Mgmt Portlet</display-name>
		<portlet-class>
			com.ecims.portlet.moneymgmt.MoneyMgmtPortlet
		</portlet-class>
		<init-param>
			<name>view-template</name>
			<value>/html/moneymgmtportlet/view.jsp</value>
		</init-param>
		<expiration-cache>0</expiration-cache>
		<supports>
			<mime-type>text/html</mime-type>
			<portlet-mode>view</portlet-mode>
		</supports>
		<portlet-info>
			<title>Money Mgmt Portlet</title>
			<short-title>MoneyMgmtPortlet</short-title>
			<keywords></keywords>
		</portlet-info>
		<security-role-ref>
			<role-name>administrator</role-name>
		</security-role-ref>
		<security-role-ref>
			<role-name>guest</role-name>
		</security-role-ref>
		<security-role-ref>
			<role-name>power-user</role-name>
		</security-role-ref>
		<security-role-ref>
			<role-name>user</role-name>
		</security-role-ref>
	</portlet>
	<portlet>
		<portlet-name>portcodemgmtportlet</portlet-name>
		<display-name>Port Code Mgmt Portlet</display-name>
		<portlet-class>
			com.ecims.portlet.admin.portcode.PortCodeMgmtPortlet
		</portlet-class>
		<init-param>
			<name>view-template</name>
			<value>/html/portcodemgmtportlet/view.jsp</value>
		</init-param>
		<expiration-cache>0</expiration-cache>
		<supports>
			<mime-type>text/html</mime-type>
			<portlet-mode>view</portlet-mode>
		</supports>
		<portlet-info>
			<title>Port Code Mgmt Portlet</title>
			<short-title>PortCodeMgmtPortlet</short-title>
			<keywords></keywords>
		</portlet-info>
		<security-role-ref>
			<role-name>administrator</role-name>
		</security-role-ref>
		<security-role-ref>
			<role-name>guest</role-name>
		</security-role-ref>
		<security-role-ref>
			<role-name>power-user</role-name>
		</security-role-ref>
		<security-role-ref>
			<role-name>user</role-name>
		</security-role-ref>
	</portlet>
	<portlet>
		<portlet-name>workflowconfigportlet</portlet-name>
		<display-name>Work Flow Config Portlet</display-name>
		<portlet-class>
			com.ecims.portlet.admin.workflowconfig.WorkFlowConfigPortlet
		</portlet-class>
		<init-param>
			<name>view-template</name>
			<value>/html/workflowconfigportlet/view.jsp</value>
		</init-param>
		<expiration-cache>0</expiration-cache>
		<supports>
			<mime-type>text/html</mime-type>
			<portlet-mode>view</portlet-mode>
		</supports>
		<portlet-info>
			<title>Work Flow Config Portlet</title>
			<short-title>WorkFlowConfigPortlet</short-title>
			<keywords></keywords>
		</portlet-info>
		<security-role-ref>
			<role-name>administrator</role-name>
		</security-role-ref>
		<security-role-ref>
			<role-name>guest</role-name>
		</security-role-ref>
		<security-role-ref>
			<role-name>power-user</role-name>
		</security-role-ref>
		<security-role-ref>
			<role-name>user</role-name>
		</security-role-ref>
	</portlet>
	<portlet>
		<portlet-name>reportportlet</portlet-name>
		<display-name>Report Portlet</display-name>
		<portlet-class>
			com.ecims.portlet.reportportlet.ReportPortlet
		</portlet-class>
		<init-param>
			<name>view-template</name>
			<value>/html/reportportlet/view.jsp</value>
		</init-param>
		<expiration-cache>0</expiration-cache>
		<supports>
			<mime-type>text/html</mime-type>
			<portlet-mode>view</portlet-mode>
		</supports>
		<portlet-info>
			<title>Report Portlet</title>
			<short-title>ReportPortlet</short-title>
			<keywords></keywords>
		</portlet-info>
		<security-role-ref>
			<role-name>administrator</role-name>
		</security-role-ref>
		<security-role-ref>
			<role-name>guest</role-name>
		</security-role-ref>
		<security-role-ref>
			<role-name>power-user</role-name>
		</security-role-ref>
		<security-role-ref>
			<role-name>user</role-name>
		</security-role-ref>
	</portlet>
	<portlet>
		<portlet-name>contactusportlet</portlet-name>
		<display-name>Contact Us Portlet</display-name>
		<portlet-class>
			com.ecims.portlet.contactus.ContactUsPortlet
		</portlet-class>
		<init-param>
			<name>view-jsp</name>
			<value>/html/contactusportlet/view.jsp</value>
		</init-param>
		<expiration-cache>0</expiration-cache>
		<supports>
			<mime-type>text/html</mime-type>
			<portlet-mode>view</portlet-mode>
		</supports>
		<portlet-info>
			<title>Contact Us Portlet</title>
			<short-title>ContactUsPortlet</short-title>
			<keywords></keywords>
		</portlet-info>
		<security-role-ref>
			<role-name>administrator</role-name>
		</security-role-ref>
		<security-role-ref>
			<role-name>guest</role-name>
		</security-role-ref>
		<security-role-ref>
			<role-name>power-user</role-name>
		</security-role-ref>
		<security-role-ref>
			<role-name>user</role-name>
		</security-role-ref>
	</portlet>
	<portlet>
		<portlet-name>feedbackportlet</portlet-name>
		<display-name>Feedback Portlet</display-name>
		<portlet-class>
			com.ecims.portlet.feedback.FeedbackPortlet
		</portlet-class>
		<init-param>
			<name>view-jsp</name>
			<value>/html/feedbackportlet/view.jsp</value>
		</init-param>
		<expiration-cache>0</expiration-cache>
		<supports>
			<mime-type>text/html</mime-type>
			<portlet-mode>view</portlet-mode>
		</supports>
		<portlet-info>
			<title>Feedback Portlet</title>
			<short-title>FeedbackPortlet</short-title>
			<keywords></keywords>
		</portlet-info>
		<security-role-ref>
			<role-name>administrator</role-name>
		</security-role-ref>
		<security-role-ref>
			<role-name>guest</role-name>
		</security-role-ref>
		<security-role-ref>
			<role-name>power-user</role-name>
		</security-role-ref>
		<security-role-ref>
			<role-name>user</role-name>
		</security-role-ref>
	</portlet>
	<portlet>
		<portlet-name>blacklistportlet</portlet-name>
		<display-name>Blacklist Portlet</display-name>
		<portlet-class>
			com.ecims.portlet.blacklist.BlacklistPortlet
		</portlet-class>
		<init-param>
			<name>view-jsp</name>
			<value>/html/blacklistportlet/view.jsp</value>
		</init-param>
		<expiration-cache>0</expiration-cache>
		<supports>
			<mime-type>text/html</mime-type>
			<portlet-mode>view</portlet-mode>
		</supports>
		<portlet-info>
			<title>Blacklist Portlet</title>
			<short-title>BlacklistPortlet</short-title>
			<keywords></keywords>
		</portlet-info>
		<security-role-ref>
			<role-name>administrator</role-name>
		</security-role-ref>
		<security-role-ref>
			<role-name>guest</role-name>
		</security-role-ref>
		<security-role-ref>
			<role-name>power-user</role-name>
		</security-role-ref>
		<security-role-ref>
			<role-name>user</role-name>
		</security-role-ref>
	</portlet>
</portlet-app>